PlotID,EstablishDate,Easting,Northing,PlotKey,Forb/herb,Graminoid,HL,None,Shrub,Subshrub,Tree,WL
WM02,2015-06-18T06:00:00Z,171331,4228816,150805120851910,0.013333333333333334,0.12000000000000001,0.5533333333333333,0.34,0.3333333333333333,NA,NA,0.08666666666666667
EM02,2015-06-17T06:00:00Z,174496,4228084,150805121607907,0.013333333333333334,0.19999999999999998,0.4266666666666667,0.3933333333333333,0.24,NA,0.013333333333333334,0.04
10_DENSE,2016-06-07T06:00:00Z,174198,4225619,160801150634615,0.060000000000000005,0.47333333333333333,0.5466666666666666,0.24,0.2333333333333333,NA,NA,0.13333333333333333
PR200,2017-06-14T06:00:00Z,157135,4206409,170801155134782,0.06666666666666667,0.26,0.6466666666666666,0.48,0.16666666666666666,0.10666666666666667,NA,0.02666666666666667
SST01,2017-06-21T06:00:00Z,174868.302279,4225091.44559,170922122250959,0.013333333333333334,0.2733333333333333,0.5866666666666667,0.5733333333333334,0.24666666666666665,NA,NA,0.02666666666666667
TR02,2015-06-09T06:00:00Z,183302,4216105,1508051022469291,0.3066666666666667,0.3466666666666667,0.7333333333333333,0.16666666666666666,0.17333333333333334,0.013333333333333334,NA,0.02666666666666667
TR01,2015-06-09T06:00:00Z,187647,4218063,1508051100345780,0.04,0.09333333333333334,0.36,0.5466666666666666,0.22,0.006666666666666667,NA,NA
WH10,2015-06-18T06:00:00Z,180574,4223918,1508051105196584,0.02666666666666667,0.38,0.54,0.26666666666666666,0.08,0.02666666666666667,0.04,0.02
WH11,2015-06-18T06:00:00Z,180540,4224532,1508051136128282,0.11333333333333334,0.47333333333333333,0.49333333333333335,0.25333333333333335,0.14,0.02,0.013333333333333334,0.02
WH03,2015-06-09T06:00:00Z,179770,4222986,1508051139299967,0.07333333333333333,0.5866666666666667,0.58,0.16666666666666666,0.11333333333333333,NA,NA,0.04
IM03,2015-06-16T06:00:00Z,175580,4222823,1508051144558892,0.11333333333333334,0.10666666666666667,0.2733333333333333,0.6133333333333333,0.013333333333333334,0.006666666666666667,NA,NA
IM01,2015-06-16T06:00:00Z,170925,4225378,1508051156589598,0.10666666666666667,0.6133333333333334,0.5866666666666667,0.09333333333333334,0.03333333333333333,0.1,NA,0.04666666666666667
SS04,2015-06-04T06:00:00Z,177166,4224082,1508051202366351,0.04,0.34,0.4666666666666667,0.26666666666666666,0.15333333333333332,0.006666666666666667,NA,NA
SS02,2015-06-16T06:00:00Z,174171,4226990,1508051204495673,0.08,0.29333333333333333,0.6133333333333333,0.22,0.21333333333333335,0.04666666666666667,NA,0.013333333333333334
WM01,2015-06-17T06:00:00Z,170287,4228899,1508051212509458,0.006666666666666667,0.24666666666666667,0.46,0.3933333333333333,0.2866666666666667,NA,NA,0.02
EM01,2015-06-17T06:00:00Z,173664,4232060,1508051218146294,0.08,0.3666666666666667,0.6733333333333333,0.16,0.11333333333333333,0.03333333333333333,NA,0.09333333333333334
10_GUSG_CONTROL,2016-06-15T06:00:00Z,187112,4216492,1606201300303077,0.060000000000000005,0.19333333333333336,0.5266666666666666,0.36,0.17333333333333334,0.02666666666666667,NA,0.04
3_GUSG_CONTROL,2016-06-14T06:00:00Z,176288,4222685,1606280717268421,0.013333333333333334,0.22,0.4866666666666667,0.3466666666666667,0.20666666666666667,0.03333333333333333,NA,0.05333333333333334
14_GROUSEPR,2016-06-15T06:00:00Z,177663,4223372,1606280946049792,0.07333333333333333,0.2733333333333333,0.4866666666666667,0.31333333333333335,0.35333333333333333,0.006666666666666667,NA,0.05333333333333334
3_GROUSEPR,2016-06-15T06:00:00Z,190178,4214869,1606281439595087,0.03333333333333333,0.35333333333333333,0.6866666666666666,0.2,0.07333333333333333,0.12,NA,0.05333333333333334
4_GROUSEPR,2016-06-15T06:00:00Z,189088,4215592,1606281607269949,0.060000000000000005,0.09333333333333334,0.2733333333333333,0.38666666666666666,0.13333333333333333,0.16666666666666666,NA,0.11333333333333333
6_GROUSEPR,2016-06-13T06:00:00Z,184840,4217673,1606291521264362,0.006666666666666667,0.006666666666666667,0.38666666666666666,0.5266666666666666,0.2866666666666667,0.03333333333333333,NA,0.006666666666666667
7_GROUSEPR,2016-06-06T06:00:00Z,189088,4215592,1606291533382155,0.013333333333333334,0.006666666666666667,0.4866666666666667,0.4666666666666667,0.23333333333333334,0.07333333333333333,NA,0.006666666666666667
8_GROUSEPR,2016-06-06T06:00:00Z,182885,4218473,1606301437015102,0.006666666666666667,0.08,0.29333333333333333,0.4,0.33333333333333337,0.11333333333333334,NA,0.02666666666666667
9_GROUSEPR,2016-06-06T06:00:00Z,182521,4218966,1607111014145983,0.17333333333333334,0.49333333333333335,0.7066666666666667,0.10666666666666667,0.11333333333333333,NA,NA,0.02
10_GROUSEPR,2016-06-09T06:00:00Z,179753,4221541,1607111146582435,0.07333333333333333,0.06666666666666667,0.23333333333333334,0.64,0.1,0.05333333333333334,NA,0.013333333333333334
11_GROUSEPR,2016-06-07T06:00:00Z,178672,4222119,1607111240211548,0.03333333333333333,NA,0.25333333333333335,0.6733333333333333,0.02666666666666667,0.1,NA,NA
12_GROUSEPR,2016-06-14T06:00:00Z,174158,4222879,1607111328229217,0.19333333333333333,0.3666666666666667,0.42,0.30666666666666664,0.22,0.04,NA,0.05333333333333334
13_GROUSEPR,2016-06-15T06:00:00Z,176576,4223338,1607111428409105,0.04,0.18,0.44666666666666666,0.41333333333333333,0.3133333333333333,0.04666666666666667,NA,0.013333333333333334
1_GUSG_CONTROL,2016-06-14T06:00:00Z,178698,4219907,1607111528245758,0.02666666666666667,0.4866666666666667,0.48,0.23333333333333334,0.12666666666666665,NA,NA,0.02666666666666667
2_GUSG_CONTROL,2016-06-15T06:00:00Z,185757,4218365,1607111630033469,0.03333333333333333,0.25333333333333335,0.3466666666666667,0.4866666666666667,0.22666666666666668,NA,NA,0.02666666666666667
4_GUSG_CONTROL,2016-06-14T06:00:00Z,182334,4220418,1607130836562783,0.02,0.2733333333333333,0.25333333333333335,0.44666666666666666,0.19333333333333333,0.03333333333333333,NA,0.013333333333333334
5_GUSG_CONTROL,2016-06-14T06:00:00Z,177824,4222215,1607141548239289,0.07333333333333333,NA,0.36,0.4666666666666667,0.32666666666666666,0.04,NA,0.02666666666666667
6_GUSG_CONTROL,2016-06-09T06:00:00Z,183959,4216199,1607150747523106,0.12000000000000001,0.23333333333333334,0.6,0.3,0.11333333333333334,0.013333333333333334,NA,0.07333333333333333
7_GUSG_CONTROL,2016-06-15T06:00:00Z,184591,4221280,1607150848543124,0.24,0.5933333333333334,0.7266666666666667,0.12,0.06,0.006666666666666667,NA,0.02666666666666667
8_GUSG_CONTROL,2016-06-13T06:00:00Z,180541,4218732,1607151106423529,0.03333333333333333,0.2,0.47333333333333333,0.2866666666666667,0.33999999999999997,NA,NA,0.04666666666666667
11_GUSG_CONTROL,2016-06-13T06:00:00Z,181256,4216732,1607221316417331,0.06,0.4266666666666667,0.64,0.19333333333333333,0.17333333333333334,0.05333333333333333,NA,0.05333333333333334
12_GUSG_CONTROL,2016-06-13T06:00:00Z,185250,4217434,1607261242373761,0.08666666666666667,0.02,0.42,0.47333333333333333,0.18,0.03333333333333333,NA,0.02
14_GUSG_CONTROL,2016-06-15T06:00:00Z,179408,4219177,1607261400403713,0.09333333333333334,0.42000000000000004,0.6066666666666667,0.26666666666666666,0.11333333333333334,0.013333333333333334,NA,0.013333333333333334
1_DENSE,2016-06-07T06:00:00Z,179409,4222342,1607261513153310,0.02666666666666667,0.08666666666666667,0.18,0.5733333333333334,0.22,0.02,NA,0.02666666666666667
4_DENSE,2016-06-07T06:00:00Z,180719,4222520,1607261607234304,0.10666666666666666,0.8400000000000001,0.6666666666666666,0.06,0.06666666666666667,NA,NA,0.02
5_DENSE,2016-06-07T06:00:00Z,181008,4222011,1607270743351840,0.05333333333333334,0.29333333333333333,0.34,0.41333333333333333,0.16666666666666669,0.02,NA,0.10666666666666667
12_DENSE,2016-06-14T06:00:00Z,174483,4223781,1607270831559672,0.12000000000000001,0.49333333333333335,0.6333333333333333,0.2,0.16666666666666666,0.006666666666666667,NA,0.05333333333333334
11_DENSE,2016-06-07T06:00:00Z,174300,4225193,1608011232206899,0.12666666666666668,0.4266666666666667,0.6466666666666666,0.16666666666666666,0.1733333333333333,NA,NA,0.14666666666666667
9_DENSE,2016-06-13T06:00:00Z,181662,4218346,1608011631023302,0.04,0.22666666666666668,0.6133333333333333,0.3333333333333333,0.26,0.013333333333333334,NA,0.02
6_DENSE,2016-06-09T06:00:00Z,180141,4221912,1608021636033656,0.03333333333333333,0.16666666666666669,0.5066666666666667,0.3333333333333333,0.19333333333333336,0.1,NA,0.02
7_DENSE,2016-06-09T06:00:00Z,184790,4216541,1608031358567749,0.08,0.3666666666666667,0.58,0.20666666666666667,0.2733333333333333,0.006666666666666667,NA,0.013333333333333334
8_DENSE,2016-06-06T06:00:00Z,182225,4218832,1608031508414280,0.08666666666666667,0.16,0.5466666666666666,0.3,0.2866666666666667,0.02666666666666667,NA,0.02
3_DENSE,2016-06-14T06:00:00Z,180014,4222601,1608040733521244,0.03333333333333333,0.04666666666666667,0.44,0.41333333333333333,0.33999999999999997,NA,NA,0.02666666666666667
2_DENSE,2016-06-09T06:00:00Z,180558,4221623,1611211120272718,0.02666666666666667,0.006666666666666667,0.26666666666666666,0.6066666666666667,0.20666666666666667,0.09333333333333334,NA,NA
SG_28_calibration,2016-05-31T06:00:00Z,0,0,1611221610381352,0.03333333333333333,0.5066666666666667,0.28,0.29333333333333333,0.08,NA,NA,0.013333333333333334
PR11,2017-06-14T06:00:00Z,144997,4187260,1708011957309320,0.03333333333333333,0.5066666666666666,0.58,0.3933333333333333,0.19999999999999998,NA,NA,0.04
PR09,2017-06-07T06:00:00Z,145716,4189582,1708031555568660,0.013333333333333334,0.5066666666666667,0.41333333333333333,0.4066666666666667,0.3133333333333333,NA,NA,0.013333333333333334
PR08,2017-06-13T06:00:00Z,161648,4192030,1708041143501593,0.060000000000000005,0.18666666666666665,0.7533333333333333,0.30666666666666664,0.45333333333333337,0.02,0.15333333333333332,0.04666666666666667
PR1100,2017-06-12T06:00:00Z,161355,4188689,1708071606473313,0.060000000000000005,0.14666666666666667,0.7,0.38666666666666666,0.45333333333333337,0.013333333333333334,0.06666666666666667,0.08666666666666667
PR05,2017-06-19T06:00:00Z,145562,4188052,1708082009045600,0.02,0.25333333333333335,0.56,0.5533333333333333,0.31333333333333335,NA,NA,0.013333333333333334
PR04,2017-06-14T06:00:00Z,161078,4199084,1708091916211533,0.19333333333333333,0.15333333333333335,0.8666666666666667,0.32666666666666666,0.39333333333333337,0.03333333333333333,NA,0.11333333333333333
PR01,2017-06-13T06:00:00Z,162305,4195365,1708161903245627,0.14,0.3066666666666667,0.8333333333333334,0.2,0.6733333333333333,0.04,NA,0.07333333333333333
PR1000,2017-06-12T06:00:00Z,165800,4186051,1708210743038551,0.15333333333333335,0.36,0.74,0.36,0.4266666666666667,0.02666666666666667,NA,0.02666666666666667
PR900,2017-06-19T06:00:00Z,151515,4208819,1708301948377795,0.013333333333333334,0.08,0.7,0.3933333333333333,0.5733333333333334,NA,0.03333333333333333,0.05333333333333334
PR400,2017-06-19T06:00:00Z,150630,4218624,1708302111558848,0.006666666666666667,NA,0.44666666666666666,0.76,NA,0.006666666666666667,0.23333333333333334,0.07333333333333333
DC02,2017-06-22T06:00:00Z,174709.8674,4227117.85839,1709051754389859,NA,0.1,0.6066666666666667,0.6333333333333333,0.18,0.02,0.10666666666666667,0.09333333333333334
DW02,2017-06-20T06:00:00Z,188341.03185,4213882.12607,1709061915266582,0.02666666666666667,0.41333333333333333,0.8,0.54,0.013333333333333334,NA,0.12666666666666668,0.04666666666666667
DW01,2017-09-19T06:00:00Z,188701.439168,4213427.13002,1709190755056056,0.013333333333333334,0.5066666666666667,0.8533333333333334,0.37333333333333335,0.02666666666666667,0.10666666666666667,NA,0.3933333333333333
DC01,2017-06-21T06:00:00Z,177225.696692,4224870.88598,1709220852306101,0.013333333333333334,0.07333333333333333,0.38,0.72,0.05333333333333334,NA,0.10666666666666667,0.07333333333333333
SSC02,2017-09-22T06:00:00Z,175165.980772,4225019.0373,1709221418572786,0.006666666666666667,0.31333333333333335,0.5866666666666667,0.5133333333333333,0.21333333333333335,NA,NA,0.05333333333333334
HLI01,2017-06-21T06:00:00Z,180624.941596,4224005.96323,1709250715107701,0.08666666666666667,0.36,0.6733333333333333,0.5066666666666667,0.07333333333333333,0.006666666666666667,NA,0.16
HLI02,2017-06-21T06:00:00Z,179320.969403,4224671.99014,1709251004505850,NA,0.18,0.5066666666666667,0.5533333333333333,0.15333333333333335,NA,0.14666666666666667,0.02666666666666667
